text,category,source,doc_id,processed_text,cluster,predicted_category
"Life-extending prostate cancer drug to be offered to thousands in England. Abiraterone will be available in a matter of weeks and will be offered to 7,000 men a year.",Health,BBC News,0,lifeextend prostat cancer drug offer thousand england abirateron avail matter week offer men year,0,Health
"Hospital violated trans complaint nurses' dignity, tribunal rules. A judge says the hospital chiefs' changing room policy created a ""hostile"" environment for women.",Health,BBC News,1,hospital violat tran complaint nurs digniti tribun rule judg say hospital chief chang room polici creat hostil environ women,0,Health
Hospitals with unsafe concrete expected to miss rebuild deadline. Seven hospitals with Raac that were prioritised last year are not expected to be completed on time - some not until 2032/33.,Health,BBC News,2,hospit unsaf concret expect miss rebuild deadlin seven hospit raac prioritis last year expect complet time,2,Business
"I didn't give up, I let go.  How I came to terms with not having children.  After a decade of trying for a baby, Caroline and her husband decided they needed to build a different future.",Health,BBC News,3,didnt give let came term children decad tri baby carolin husband decid need build differ futur,2,Business
"Letby trust pays £1. 4m damages to ex CEO.  Dr Susan Gilby told the BBC she was relieved the case was over and that it ""was never about the money.",Health,BBC News,4,letbi trust pay damag ceo susan gilbi told bbc reliev case never money,0,Health
Babies in Midlands and North 'more likely to die around birth'. A study found the 10 consistently worst-performing centres were all in the Midlands and North of England.,Health,BBC News,5,babies midlands north like die around birth study found consist worstperform centr midlands north england,0,Health
One in 10 patients spent over 12 hours in A&E in 2025. Nurses union says long waits and corridor care having a devastating impact on paitents.,Health,BBC News,6,one patient spent hour nurs union say long wait corridor care devast impact paitent,0,Health
First leukaemia patient to get new form of treatment on NHS says it is 'very sci-fi'. Oscar Murphy has an aggressive form of the blood cancer and is the first to get CAR-T therapy in the UK.,Health,BBC News,7,first leukaemia patient get new form treatment nhs say scifi oscar murphi aggress form blood cancer first get cart therapy,0,Health
"Safe spaces needed for drug-addicted children, say grieving mums. More children in England are in drug and alcohol treatment, but families say many cannot get help.",Health,BBC News,8,safe space need drugaddict children say griev mum children england drug alcohol treatment famili say mani cannot get help,0,Health
Hospital alert after fake doctor-endorsed videos. Guy's and St Thomas' NHS Trust says online videos falsely show clinicians promoting weight loss patches.,Health,BBC News,9,hospital alert fake doctorendors video guy thoma nhs trust say onlin video fals show clinician promot weight loss patch,0,Health
"Revolutionary eye injection saved my sight, says first-ever patient. Nicki's eye had collapsed in on itself, but a new gel injection method has saved her vision.",Health,BBC News,10,revolutionari eye inject save sight say firstev patient nicki eye collaps new gel inject method save vision,2,Business
I spent months trying to find out if boosting my gut health could help me age better. Health editor Hugh Pym revamped his diet after a test suggested his gut health appeared to look five years older than he was,Health,BBC News,11,spent month tri find boost gut health could help age better health editor hugh pym revamp diet test suggest gut health appear look five year older,0,Health
"Why the NHS still wastes billions on patients who don't need to be in hospital. The delayed discharge challenge throws up deeper questions about the care system, co-ordination - and whether some patients are over-treated",Health,BBC News,12,nhs still wast billion patient dont need hospital delay discharg challeng throw deeper question care system coordin whether patient overtr,0,Health
Plastic surgeon who fled from inspectors suspended. Dr Sayed Mia tried to flee when inspectors arrived at the central London clinic where he worked.,Health,BBC News,13,plastic surgeon fled inspector suspend say mia tri flee inspector arriv central london clinic work,0,Health
Eye surgeon's advice after his own sight-saving op. Dr Amir Hamid said his sight was saved by quick treatment when he had symptoms of a detached retina.,Health,BBC News,14,eye surgeon advic sightsav amir hamid said sight save quick treatment symptom detach retina,0,Health
"People who come off slimming jabs regain weight four times faster than dieters.  Overweight people shed large amounts on jabs but gain 0. 8 kg a month on average once off them, study shows.",Health,BBC News,15,peopl come slim jab regain weight four time faster dieter overweight peopl shed larg amount jab gain month averag study show,0,Health
"Flu on the rise again after Christmas mixing, says NHS. Cases up after two weeks of decline, as hospitals report rise in slips and falls because of cold snap.",Health,BBC News,16,flu rise christma mix say nhs case two week declin hospit report rise slip fall cold snap,0,Health
Doctors strike called off as union backs latest pay deal. Medics had been set to go on the first national walkout staged by NHS workers on Tuesday in a dispute over pay.,Health,BBC News,17,doctor strike call union back latest pay deal medic set first nation walkout stage nhs worker tuesday disput pay,0,Health
"Long waits for disability benefit claims unacceptable, MPs say. Some people are waiting more than a year to have their claims processed, the Public Accounts Committee says.",Health,BBC News,18,long wait disabl benefit claim unaccept mp say peopl wait year claim process public account committe say,2,Business
"Three NHS trusts still using fax machines, Streeting confesses. The health secretary had made it his personal mission to banish the fax machine from the NHS.",Health,BBC News,19,three nhs trust still use fax machin street confess health secretari made person mission banish fax machin nhs,0,Health
"Parents say babies failed by delayed diagnosis like Jesy Nelson's twins. After Little Mix star Jesy Nelson's revelation that her twins have SMA, parents speak about their children's late diagnoses.",Health,BBC News,20,parent say babies fail delay diagnosis like jesi nelson twin littl mix star jesi nelson revel twin sma parent speak children late diagnos,0,Health
"Junk food TV and online advert ban comes into force. Soft drinks, chocolate, pizzas and ice creams will be targeted in the UK government's plan.",Health,BBC News,21,junk food onlin advert ban come forc soft drink chocol pizza ice cream target govern plan,2,Business
"Wellbeing 2026: Recovery, JOMO and brain boosting supplements. Wellness is a multi-trillion pound industry which continues to grow - and this year is less about maxing out, more about recovering well.",Health,BBC News,22,wellbeing recoveri jomo brain boost supplement well multitrillion pound industry continu grow year less max recov well,2,Business
"The myth of willpower - and why some people struggle to lose weight more than others. Thousands of genes that have an influence on weight, say experts - which means weight loss isn't a level playing field",Health,BBC News,23,myth willpow peopl struggl lose weight other thousand gene influenc weight say expert mean weight loss isnt level play field,0,Health
"Chickenpox vaccines for young children start across UK. For the first time, children will be offered vaccination on the NHS against the common infection which, in rare cases, can be very serious.",Health,BBC News,24,chickenpox vaccin young children start across first time children offer vaccin nhs common infect rare case seriou,0,Health
Surgeon who 'stripped naked in cubicle' struck off. The doctor was working at the Queen Alexandra Hospital in Portsmouth when the incidents happened.,Health,BBC News,25,surgeon strip nake cubicl struck doctor work queen alexandra hospital portsmouth incid happen,0,Health
The debate about whether the NHS should use magic mushrooms to treat depression. Many clinical trials to test the use of psychedelic medicines for conditions such as depression have been underway since 2022 - with surprising results,Health,BBC News,26,debat whether nhs use magic mushroom treat depress mani clinic trial test use psychedel medicin condit depress underway sinc surpris result,0,Health
Flu: How are hospitals in your area affected?. Use our interactive tool to explore the latest flu numbers in your area,Health,BBC News,27,flu hospit area affect use interact tool explor latest flu number area,0,Health
Critical incidents declared at two hospital trusts. NHS bosses are urging people to only come to A&E if it is an emergency.,Health,BBC News,28,critic incid declar two hospital trust nhs boss urg peopl come emerg,0,Health
What is happening to flu this winter - and should you buy a vaccine?. Flu has come early this year with a new mutated version of the virus circulating.,Health,BBC News,29,happen flu winter buy vaccine flu come earli year new mutat version viru circul,0,Health
Toddler finally home from hospital for Christmas. Bertie Melly was in hospital for 18 months after his premature birth in May 2024.,Health,BBC News,30,toddler final home hospital christma berti melli hospital month prematur birth may,0,Health
"Is it a cold, 'super flu' or Covid? How to tell the difference. How to identify whether you have cold, flu or Covid and how to look after yourself.",Health,BBC News,31,cold super flu covid tell differ identifi whether cold flu covid look,0,Health
Flu wave hits England's busiest A&E - hundreds of patients are arriving a day. The BBC visits Leicester Royal Infirmary to witness first-hand how it's coping with an early surge in cases of winter bugs.,Health,BBC News,32,flu wave hit england busiest hundr patient arriv day bbc visit leicest royal infirmari wit firsthand cope earli surg case winter bug,0,Health
What's really going on with flu this winter?. We've been told we're facing an unprecedented superflu. Is it?,Health,BBC News,33,what realli go flu winter weve told face unpreced superflu,2,Business
"Has flu peaked? What the figures tell us. NHS remains on high alert over flu, health bosses say, but there are signs infections are levelling off.",Health,BBC News,34,flu peak figur tell nhs remain high alert flu health boss say sign infect level,0,Health
"Private flu vaccine stocks running low as cases rise. Those eligible for a vaccine can access jabs from the NHS, but experts say that people have turned to pharmacies for convenience.",Health,BBC News,35,privat flu vaccine stock run low case rise elig vaccine access jab nhs expert say peopl turn pharmaci conveni,0,Health
"Ambulance demand spikes as flu season worsens. The service says calls increased by 20% in the past week, fuelled by illnesses such as the flu.",Health,BBC News,36,ambulance demand spike flu season worsen servic say call increas past week fuell ill flu,0,Health
"Some schools disrupted amid rise in flu cases. Flu is on the rise, but ministers say schools should only close in extreme circumstances.",Health,BBC News,37,school disrupt amid rise flu case flu rise minist say school close extrem circumst,2,Business
Flu jabs offered in pub in vaccination drive. Regular pop-up vaccination clinics are available at The Bevy community pub in Brighton.,Health,BBC News,38,flu jab offer pub vaccin drive regular popup vaccin clinic avail bevi commun pub brighton,0,Health
"Much of £11bn Covid scheme fraud 'beyond recovery', report says. The response to the pandemic led to ""enormous outlays of public money which exposed it to the risk of fraud and error"", a report says.",Health,BBC News,39,much covid scheme fraud beyond recoveri report say respons pandem led enorm outlay public money expos risk fraud error report say,2,Business
"Government racks up £100m bill responding to Covid inquiry. BBC analysis shows cost to taxpayer is 50% higher than thought, with inquiry's own costs at £192m.",Health,BBC News,40,govern rack bill respond covid inquiri bbc analysi show cost taxpay higher thought inquiri cost,2,Business
Lockdown could have been avoided - key findings from Covid inquiry. The long-awaited report is published into how well or badly the government handled the Covid pandemic.,Health,BBC News,41,lockdown could avoid key find covid inquiri longawait report publish well badli govern handl covid pandem,0,Health
The Covid Inquiry Podcast.  Baroness Hallett makes her second report into the UK's pandemic response.  With Jim Reed.,Health,BBC News,42,covid inquiri podcast baro hallett make second report uk pandem respons jim reed,2,Business
The private notes and secret documents that tell the inside story of the UK's Covid response. The Covid inquiry is set to publish its second set of findings looking in detail at the huge political decisions that had to be made in 2020.,Health,BBC News,43,privat note secret document tell insid stori uk covid respons covid inquiri set publish second set find look detail huge polit decis made,2,Business
"'Toxic' No 10 culture harmed Covid response, inquiry finds. Boris Johnson, Dominic Cummings and Matt Hanock are all criticised for contributing to poor Covid decision-making.",Health,BBC News,44,toxic cultur harm covid respons inquiri find bori johnson domin cum matt hanock criticis contribut poor covid decisionmak,2,Business
"Covid inquiry hears impact on firms and staff. Business owners describe breaking into tears as they were forced to lay off staff, while workers feared for their jobs",Health,BBC News,45,covid inquiri hear impact firm staff business owner describ break tear forc lay staff worker fear job,2,Business
"UK did 'too little, too late', leading to thousands more Covid deaths - inquiry. Report on government decision-making says delays cost 23,000 lives in the first wave in England.",Health,BBC News,46,littl late lead thousand covid death inquiri report govern decisionmak say delay cost live first wave england,2,Business
What's in the Covid inquiry report. . .,Health,BBC News,47,what covid inquiri report,2,Business
"What is the UK Covid inquiry and how does it work?. The inquiry into the government's handling of the pandemic has heard from politicians, civil servants, experts and bereaved families.",Health,BBC News,48,covid inquiri work inquiri govern handl pandem heard politician civil servant expert bereav famili,2,Business
"Gove apologises after Covid report alleges 'toxic' culture. The ex-senior minister apologises for mistakes in the pandemic, but defends some of the previous government's actions.",Health,BBC News,49,gove apologis covid report alleg toxic cultur exsenior minist apologis mistak pandem defend previou govern action,2,Business
"Faisal Islam: Trump's Greenland threats to allies are without parallel. The US president's latest threats will baffle the leaders of allied nations, writes the BBC's economics editor.",Business,BBC News,50,faisal islam trump greenland threat alli without parallel presid latest threat baffl leader alli nation write bbc econom editor,2,Business
"British Gas took 15 months to refund me £1,500.  It's absurd.  Beth Kojder said it was frustrating it took so long to get her money back, given the ombudsman had ruled in her favour nearly a year ago.",Business,BBC News,51,british ga took month refund absurd beth kojder said frustrat took long get money back given ombudsman rule favour nearli year ago,2,Business
"Trump tariff threat over Greenland 'unacceptable', European leaders say. The US president says several European allies opposed to his plans to buy Greenland will face 10% tariffs from February.",Business,BBC News,52,trump tariff threat greenland unaccept european leader say presid say sever european alli oppos plan buy greenland face tariff februari,2,Business
"Big chains accused of masquerading as independent restaurants on delivery apps. Justina John says independent restaurants are ""small fish trying to swim with the sharks"".",Business,BBC News,53,big chain accus masquerad independ restaur deliveri app justina john say independ restaur small fish tri swim shark,2,Business
"The one measure that can tell us a lot about the state of the UK economy. Consumer confidence levels are rebounding for some in the UK, but older generations look to be immune, writes Faisal Islam.",Business,BBC News,54,one measur tell lot state economy consumer confid level rebound older gener look immun write faisal islam,2,Business
Trump's proposed credit card cap spotlights Americans' debt.  Would it help?.  President Trump's proposal to cap credit card interest rates at 10% - an idea with bipartisan support - received swift backlash from bank executives.,Business,BBC News,55,trump propos credit card cap spotlight american debt would help presid trump propos cap credit card interest rate idea bipartisan support receiv swift backlash bank execut,2,Business
"What tariffs has Trump announced and why?. Trump's volatile trade policy has thrown the world economy into chaos, and put some US prices up.",Business,BBC News,56,tariff trump announc trump volatil trade polici thrown world economy chao put price,2,Business
Government to give cash payouts to people in financial crisis. The replacement for the Household Support Fund aims to help people facing sudden difficulties.,Business,BBC News,57,govern give cash payout peopl financial crisis replac household support fund aim help peopl face sudden difficulti,2,Business
"ChatGPT to carry adverts for some users. OpenAI is also expanding its cheaper subscription tier, ChatGPT Go, to all countries where it operates.",Business,BBC News,58,chatgpt carri advert user openai also expand cheaper subscript tier chatgpt countri oper,2,Business
"Trump to unveil home buying plan involving retirement funds. The housing proposal will let Americans use their 401(k)s for down payments, a Trump economic adviser said.",Business,BBC News,59,trump unveil home buy plan involv retir fund hous propos let american use payment trump econom advis said,2,Business
"Weight loss jabs are 'opportunity' for Leon, boss says. John Vincent says the chain could benefit from the weight loss trend, and sets out his plans to revive the business.",Business,BBC News,60,weight loss jab opportun leon boss say john vincent say chain could benefit weight loss trend set plan reviv business,0,Health
The threat to the US economy from Trump’s fight with the Fed. Donald Trump's stand-off with the US central bank has recalled episodes in other countries - which ended badly for the economy.,Business,BBC News,61,threat economy trump fight fed donald trump standoff central bank recal episod countri end badli economy,2,Business
"Mother of Elon Musk's child sues xAI over Grok deepfakes. The parent company of X and Grok, xAI, launched a counter-suit saying she had violated its terms of service.",Business,BBC News,62,mother elon musk child sue xai grok deepfak parent company grok xai launch countersuit say violat term servic,2,Business
'We're in survival mode': The milk price crisis draining dairy farms. Adam and Lucy Johnstone have seen the money they receive for their milk tumble over the last three months.,Business,BBC News,63,surviv mode milk price crisis drain dairi farm adam luci johnston seen money receiv milk tumbl last three month,2,Business
China and Canada announce tariffs relief after a high-stakes meeting between Carney and Xi. Canola oil and electric cars are at the centre of the deal agreed by Mark Carney and Xi Jinping after years of strained ties.,Business,BBC News,64,china canada announc tariff relief highstak meet carney canola oil electr car centr deal agre mark carney jinp year strain tie,2,Business
"Star Wars boss departs after leading franchise reboot. She oversaw the expansion of the franchise, including five feature films and new TV shows.",Business,BBC News,65,star war boss depart lead franchis reboot oversaw expans franchis includ five featur film new show,1,Entertainment
"CIA director had two-hour meeting with new Venezuelan leader in Caracas. The pair discussed economic opportunities and preventing Venezuela becoming a place for ""America's adversaries"", a US official said.",Business,BBC News,66,cia director twohour meet new venezuelan leader caraca pair discuss econom opportun prevent venezuela becom place america adversari offici said,2,Business
US to cut tariffs on Taiwanese goods after investment pledge. Commerce Secretary Howard Lutnick said the deal would help boost semiconductor production in the US.,Business,BBC News,67,cut tariff taiwanes good investment pledg commerce secretari howard lutnick said deal would help boost semiconductor production,2,Business
"How realistic is India's quest for magnets made of rare earths. India has a $800m plan to make rare earth magnets, aiming to reduce dependence on Chinese imports - but can it work?",Business,BBC News,68,realist india quest magnet made rare earth india plan make rare earth magnet aim reduc depend chines import work,2,Business
'They are essential': How smoke detectors are evolving. AI trained to recognise fire is among the latest developments in fire alarm tech.,Business,BBC News,69,essenti smoke detector evolv train recognis fire among latest develop fire alarm tech,2,Business
"Honey, I shrunk the data centres: Is small the new big?. Huge data centres are being built to handle AI computing but some experts say they aren't necessary.",Business,BBC News,70,honey shrunk data centr small new big huge data centr built handl comput expert say arent necessari,2,Business
Why are more bosses sharing the top job?. More bosses are sharing the top job giving them more time for family and breaks.,Business,BBC News,71,boss share top job boss share top job give time famili break,2,Business
Why luxury carmakers are now building glitzy skyscrapers. Bugatti is the latest auto firm to construct an opulent apartment building for the super rich.,Business,BBC News,72,luxuri carmak build glitzi skyscrap bugatti latest auto firm construct opul apart build super rich,2,Business
"'I had no electricity for six months': US families struggle with soaring energy prices. Rising electricity costs have emerged as a key cost-of-living concern, pushing families further into debt.",Business,BBC News,73,electr six month famili struggl soar energi price rise electr cost emerg key costofliv concern push famili debt,2,Business
Excel: The software that's hard to quit. Companies are trying to wean staff off Excel spreadsheets to centralise control of their data.,Business,BBC News,74,excel softwar that hard quit compani tri wean staff excel spreadsheet centralis control data,2,Business
How tariff disruption will continue reshaping the global economy in 2026. Trump's import levies are still changing the patterns of international trade.,Business,BBC News,75,tariff disrupt continu reshap global economy trump import levi still chang pattern intern trade,2,Business
How the new road safety measures could affect you. The government is proposing lowering alcohol limits for drivers and regular eye tests for older motorists.,Business,BBC News,76,new road safeti measur could affect govern propos lower alcohol limit driver regular eye test older motorist,2,Business
How the defence sector is battling a skills crisis. Attracting younger workers into the defence industry can be challenging.,Business,BBC News,77,defenc sector battl skill crisis attract younger worker defenc industry challeng,2,Business
Swedish workers trial 'friendship hour' to combat loneliness. The pilot project is even giving staff free money to help pay to do activities with their friends.,Business,BBC News,78,swedish worker trial friendship hour combat loneli pilot project even give staff free money help pay activ friend,2,Business
The showers and baths keeping data centre tech cool. Finding greener ways to keep giant new data centres cool is a challenge.,Business,BBC News,79,shower bath keep data centr tech cool find greener way keep giant new data centr cool challeng,2,Business
Why Croatia's capital wants to hold Europe's best Christmas market. The festive events help to put cities on the map and attract millions of tourists.,Business,BBC News,80,croatia capit want hold europ best christma market festiv event help put citi map attract million tourist,2,Business
Will tech trump tradition at bakers and biscuit makers?. Introducing robots and automation to the food industry involves extra hurdles.,Business,BBC News,81,tech trump tradit baker biscuit maker introduc robot autom food industry involv extra hurdl,2,Business
"Should more be done to tackle 'ghost jobs', vacancies that don't exist?. Companies are advertising vacancies that have already been filled or might not have ever existed.",Business,BBC News,82,done tackl ghost job vacanc dont exist compani advertis vacanc alreadi fill might ever exist,2,Business
"Why this month's inflation figure may be good news for you. The rate of inflation, which charts the rising cost of living, has slowed - driven partly by essentials.",Business,BBC News,83,month inflation figur may good news rate inflation chart rise cost live slow driven partli essenti,2,Business
'Warm hub has saved me from loneliness'. An 84-year-old Blackpool pensioner says she found herself in fuel poverty when her husband died.,Business,BBC News,84,warm hub save loneli yearold blackpool pension say found fuel poverti husband die,2,Business
Cafe offers free breakfasts for vulnerable people. Hummingbird Cafe wants to support people who may not be able to afford a hot meal.,Business,BBC News,85,cafe offer free breakfast vulner peopl hummingbird cafe want support peopl may abl afford hot meal,2,Business
"Trump to unveil home buying plan involving retirement funds. The housing proposal will let Americans use their 401(k)s for down payments, a Trump economic adviser said.",Business,BBC News,86,trump unveil home buy plan involv retir fund hous propos let american use payment trump econom advis said,2,Business
Martin Lewis on why you should check your tax code now. Millions of people could be on the wrong tax code.,Business,BBC News,87,martin lewi check tax code million peopl could wrong tax code,2,Business
Government to give cash payouts to people in financial crisis. The replacement for the Household Support Fund aims to help people facing sudden difficulties.,Business,BBC News,88,govern give cash payout peopl financial crisis replac household support fund aim help peopl face sudden difficulti,2,Business
"The real impact of roadworks on the country - and why they're set to get worse. There is a fine balance between the benefits of improved infrastructure, versus the cost of disruption. Does the country have it right?",Business,BBC News,89,real impact roadwork countri theyr set get wors fine balanc benefit improv infrastructur versu cost disrupt countri right,2,Business
"Budget 2025: What's the best and worst that could happen for Labour?. Three days in, after a tax U-turn and partial climbdown on workers' rights, Laura Kuenssberg looks at what impact Budget week might have.",Business,BBC News,90,budget what best worst could happen labour three day tax uturn partial climbdown worker right laura kuenssberg look impact budget week might,2,Business
"Has Britain's budget watchdog become too all-powerful?. Ahead of this week's Budget, some have accused the Office for Budget Responsibility of being a ""straitjacket on growth""",Business,BBC News,91,britain budget watchdog becom allpow ahead week budget accus offic budget respons straitjacket growth,2,Business
The curious case of why Poundland is struggling during a cost-of-living crisis. Why - in an age where so many of us are feeling the financial pinch - are some budget shops on UK high streets having such a tough time?,Business,BBC News,92,curiou case poundland struggl costofliv crisis age mani feel financial pinch budget shop high street tough time,2,Business
"The £5. 30 orange juice that tells the story of why supermarket prices are sky high.  Butter, chocolate, coffee and milk have all seen prices rocket.",Business,BBC News,93,orang juic tell stori supermarket price sky high butter chocol coffe milk seen price rocket,2,Business
Martin Lewis on why you should check your tax code now. Millions of people could be on the wrong tax code.,Business,BBC News,94,martin lewi check tax code million peopl could wrong tax code,2,Business
Martin Lewis on 'the most dangerous form of mainstream debt in the UK'. Martin Lewis explains how building up overdraft debt compares to credit card debt.,Business,BBC News,95,martin lewi danger form mainstream debt martin lewi explain build overdraft debt compar credit card debt,2,Business
The Inquiry. Can Kenya’s plan for digital outsourcing solve its jobs crisis?,Business,BBC News,96,inquiri kenya plan digit outsourc solv job crisis,2,Business
The Inquiry. How did live music evolve into a billion-dollar business for global stars?,Business,BBC News,97,inquiri live music evolv billiondollar business global star,2,Business
"World stock markets brace for turbulence after Trump’s latest tariff shock.  Losses on stocks likely with precious metals forecast to spike even higher after move to impose 25% levies on European alliesTrump threatens 25% tariff on allies over GreenlandAnalysis: tariff threats are bad, but uncertainty is worseGlobal stock markets are bracing for falls when trading resumes on Monday after Donald Trump threatened eight European countries with fresh tariffs until they support his ambition to acquire Greenland. The US president’s plan to impose new trade levies of 10% on goods from Denmark, Norway, Sweden, France, Germany, the UK, the Netherlands and Finland from 1 February, rising to 25% on 1 June, is creating fear in the markets, and among European businesses.",Business,The Guardian,98,world stock market brace turbul trump latest tariff shock loss stock like preciou metal forecast spike even higher move impos levi european alliestrump threaten tariff alli greenlandanalysi tariff threat bad uncertainti worseglob stock market brace fall trade resum monday donald trump threaten eight european countri fresh tariff support ambit acquir greenland presid plan impos new trade levi good denmark norway sweden franc germani netherland finland februari rise june creat fear market among european busi,2,Business
Why Rachel Reeves should give bankers more of the cold shoulder at Davos 2026 | Heather Stewart.  The chancellor has been cosseting City lenders to fuel economic growth but studies show UK plc would be better served by trying to keep them in checkBack-slapping bankers will be thick on the ground in the Swiss ski resort of Davos this week as Rachel Reeves flies in to mix with the global elite.  But she might be wise to treat the finance bros with a certain froideur.,Business,The Guardian,99,rachel reev give banker cold shoulder davo heather stewart chancellor cosset citi lender fuel econom growth studi show plc would better serv tri keep checkbackslap banker thick ground swiss ski resort davo week rachel reev fli mix global elit might wise treat financ bro certain froideur,2,Business
"‘She had a hidden identity’: new film uncovers a mother’s second world war secrets.  In harrowing documentary My Underground Mother, a woman finds out what really happened to her mother in the warWhen journalist Marisa Fox was a young girl, her mother would regale her with stories of her own youth, all of which roiled with drama and consequence.  When she was a 13-year-old girl living in Poland in the late 1930s, on the brink of the Nazi occupation, her mother told her she was pulled away from her mother and put on a boat to Palestine where she spent the rest of the second world war.",Entertainment,The Guardian,100,hidden ident new film uncov mother second world war secret harrow documentari underground mother woman find realli happen mother warwhen journalist marisa fox young girl mother would regal stori youth roil drama consequ yearold girl live poland late brink nazi occup mother told pull away mother put boat palestin spent rest second world war,2,Business
"‘It had to be Jessie Buckley’: star-maker Nina Gold glimpses Oscar chance for Hamnet casting.  Woman who paired Buckley with Paul Mescal in critics’ favourite is contender in new Academy Award categoryIf you were to compile a list of the most powerful people in the movie business, you might start with the auteurs, the A-list actors or the execs who bankroll Oscar-winning projects. But among those better-known powerbrokers is another vital cog in the Hollywood machine: the people with the ability to make and grow stars.",Entertainment,The Guardian,101,jessi buckley starmak nina gold glimps oscar chanc hamnet cast woman pair buckley paul mescal critic favourit contend new academi award categoryif compil list power peopl movie business might start auteur alist actor exec bankrol oscarwin project among betterknown powerbrok anoth vital cog hollywood machin peopl abil make grow star,1,Entertainment
"‘Hollywood has stopped making films for adults’: Sentimental Value and Sirāt contend for European Film Awards – with Oscars set to take note.  Films by Joachim Trier, Óliver Laxe, Mascha Schilinski and Jafar Panahi will jostle for recognition at tomorrow’s event – which has repositioned itself as a major tastemaker during awards seasonThe European Film Awards (EFAs) have long styled themselves as “Europe’s answer to the Oscars”, even if, in terms of boosting commercial successes at the box office, their impact has been negligible.  But as American studios increasingly prioritise franchise sequels over serious drama, and European films vie for major trophies outside the “best international feature” silo, the EFAs are feeling emboldened about becoming a major tastemaker for grownup cinema.",Entertainment,The Guardian,102,hollywood stop make film adult sentiment valu sirt contend european film award oscar set take note film joachim trier liver lax mascha schilinski jafar panahi jostl recognit tomorrow event reposit major tastemak award seasonth european film award efa long style europ answer oscar even term boost commerci success box offic impact neglig american studio increasingli prioritis franchis sequel seriou drama european film vie major trophi outsid best intern featur silo efa feel embolden becom major tastemak grownup cinema,1,Entertainment
"The arrival of Two-Face in the new Batman sequel bodes well for a doom-laden moral epic.  Sebastian Stan is being eyed as district attorney Harvey Dent and his supervillain alter ego – can Gotham residents expect an improvement in the city’s patchy justice system?The arrival in Gotham City of Harvey Dent, AKA Two-Face, is rarely without consequence in Batman sagas.  Tommy Lee Jones’ shrieking, neon-splashed Batman Forever iteration turned the character into a dissociative identity slot machine, endlessly pulling its own lever, while Billy Dee Williams’ take in 1989’s Batman was a promise of future ruin.",Entertainment,The Guardian,103,arriv twofac new batman sequel bode well doomladen moral epic sebastian stan eye district attorney harvey dent supervillain alter ego gotham resid expect improv citi patchi justic systemth arriv gotham citi harvey dent aka twofac rare without consequ batman saga tommi lee jone shriek neonsplash batman forev iter turn charact dissoci ident slot machin endlessli pull lever billi dee william take batman promis futur ruin,2,Business
"The crying game: what Hamnet’s grief-porn debate says about women, cinema – and enormous hawks.  Hamnet and H Is for Hawk fuse themes of loss, birds and elemental female emotion.  But whose fault is it if you remain dry-eyed?‘Is it porn or is it art?” A familiar, even dated question where nudity is involved, and (forgive thumbnail) pretty well-resolved– which is to say: we let the tastemakers decide, and it tips the scale towards “art” if one or both protagonists are not that good-looking.",Entertainment,The Guardian,104,cri game hamnet griefporn debat say women cinema enorm hawk hamnet hawk fuse theme loss bird element femal emot whose fault remain dryeyedi porn art familiar even date question nuditi involv forgiv thumbnail pretti wellresolv say let tastemak decid tip scale toward art one protagonist goodlook,0,Health
"The Rip review – Ben Affleck and Matt Damon tear through flashy Netflix bro thriller.  The longtime friends and colleagues add weight to Joe Carnahan’s enjoyably boisterous Friday night crowdpleaserJanuary has long been a B-movie buffet for those exhausted by prestige awards bait, a month when Gerard Butler and Jason Statham are suddenly commanding wide releases and often No 1 mini-hits.  But as the former’s apocalyptic sequel Greenland 2: Migration lingers in the top five and the latter’s action romp Shelter prepares to premiere, we find two more prominent stars – Oscar winners Ben Affleck and Matt Damon – resigned to the small screen instead.",Entertainment,The Guardian,105,rip review ben affleck matt damon tear flashi netflix bro thriller longtim friend colleagu add weight joe carnahan enjoy boister friday night crowdpleaserjanuari long bmovi buffet exhaust prestig award bait month gerard butler jason statham suddenli command wide releas often minihit former apocalypt sequel greenland migrat linger top five latter action romp shelter prepar premier find two promin star oscar winner ben affleck matt damon resign small screen instead,1,Entertainment
"Matthew McConaughey trademarks ‘All right, all right, all right’ catchphrase in bid to beat AI fakes.  The Oscar winner intends to combat misuse of the famous line from Dazed and Confused by creating ‘a clear perimeter around ownership’ Oscar-winning actor Matthew McConaughey has trademarked his image and voice – including his famous catchphrase: “All right, all right, all right” from the movie Dazed and Confused in an attempt to forestall unauthorised use by artificial intelligence. The Wall Street Journal reported that McConaughey has had eight separate applications approved by the US Patent and Trademark Office in recent weeks, including film clips of the actor standing on a porch and sitting in front of a tree, and an audio clip of him saying: “All right, all right, all right”.",Entertainment,The Guardian,106,matthew mcconaughey trademark right right right catchphras bid beat fake oscar winner intend combat misus famou line daze confus creat clear perimet around ownership oscarwin actor matthew mcconaughey trademark imag voic includ famou catchphras right right right movie daze confus attempt forestal unauthoris use artifici intellig wall street journal report mcconaughey eight separ applic approv patent trademark offic recent week includ film clip actor stand porch sit front tree audio clip say right right right,1,Entertainment
"28 Years Later: The Bone Temple review – Ralph Fiennes is phenomenal in best chapter yet of zombie horror.  A murderous Clockwork-Orangey gang take on the zombies in this gruesome and energised fourquel.  It’s the finest of the 28 franchise by a blood-curdling mileIt’s very rare for a fourquel to be the best film in a franchise, but that’s how things stand with the chequered 28 Days Later series.",Entertainment,The Guardian,107,year later bone templ review ralph fienn phenomen best chapter yet zombi horror murder clockworkorangey gang take zombi gruesom energis fourquel finest franchis bloodcurdl mileit rare fourquel best film franchis that thing stand chequer day later series,1,Entertainment
"The Voice of Hind Rajab review – docufiction is fierce, vehement and heart-shattering.  In an audacious move, director Kaouther Ben Hania reconstructs the killing of the five-year-old in Gaza using her real voice as she is bombarded by the Israeli armyThere can be no doubt about which movie has set the Venice film festival ablaze – it is this one, from Tunisian film-maker Kaouther Ben Hania.  The Voice of Hind Rajab is about the horrifying ordeal of the five-year-old Palestinian girl Hind Rajab, who was killed in 2024 by the Israel Defense Forces (IDF) in Gaza in her uncle’s car along with six family members, and two paramedics who tried to come to her rescue.",Entertainment,The Guardian,108,voic hind rajab review docufict fierc vehement heartshatt audaci move director kaouther ben hania reconstruct kill fiveyearold gaza use real voic bombard isra armyther doubt movie set venic film festival ablaz one tunisian filmmak kaouther ben hania voic hind rajab horrifi ordeal fiveyearold palestinian girl hind rajab kill israel defens forc idf gaza uncl car along six famili member two paramed tri come rescu,1,Entertainment
"Bulk review – Ben Wheatley’s quirky sci-fi brings small-budget charm to big questions.  Wheatley’s engaging tale sends Sam Riley’s tough-guy reporter to the home of a reclusive oligarch who has invented a ‘Brain Collider’On a modest budget, director Ben Wheatley gives us a retro sci-fi with much tongue-in-cheek paranoia, questioning of reality and proliferation of multiverses, and featuring comic-book dialogue that’s been re-recorded, giving the whole thing a sheen of dreamlike unreality.  There’s also a lot of quirky lo-fi special effects work with Airfix models.",Entertainment,The Guardian,109,bulk review ben wheatley quirki scifi bring smallbudget charm big question wheatley engag tale send sam riley toughguy report home reclus oligarch invent brain collideron modest budget director ben wheatley give retro scifi much tongueincheek paranoia question realiti prolifer multivers featur comicbook dialogu that rerecord give whole thing sheen dreamlik unreal there also lot quirki lofi special effect work airfix model,1,Entertainment
"Clickbait review – gripping drama about the human cost of moderating the internet.  A social media content moderator becomes obsessed with a violent video in this restrained, unsettling workplace thriller starring Lili ReinhartHere is a workplace drama, of sorts.  Like many people, Daisy (Lili Reinhart) works a desk job using a computer.",Entertainment,The Guardian,110,clickbait review grip drama human cost moder internet social media content moder becom obsess violent video restrain unsettl workplac thriller star lili reinharther workplac drama sort like mani peopl daisi lili reinhart work desk job use comput,1,Entertainment
"The Knife review – audaciously taut film about police encounter is intense drama of mutual suspicion.  A crime committed in the home of a regular black American family results in paranoia on all sides in this 81-minute film from Nnamdi AsomughaHere is a compact drama that twists itself like a tourniquet over 81 minutes, as a bad situation turns into a catastrophe for an ordinary American family. Late one night in an unnamed city, construction worker Chris (Nnamdi Asomugha, also the film’s director and co-writer) finishes a DIY project in his own home and sinks a beer or two.",Entertainment,The Guardian,111,knife review audaci taut film polic encount intens drama mutual suspicion crime commit home regular black american famili result paranoia side minut film nnamdi asomughaher compact drama twist like tourniquet minut bad situat turn catastroph ordinari american famili late one night unnam citi construct worker chri nnamdi asomugha also film director cowrit finish diy project home sink beer two,1,Entertainment
"A Gangster’s Life review – funny in parts, but not always deliberately.  Despite some interesting visuals, not even Tony Cook and Jonny Weldon can lift this poorly produced tale of a pair of dodgy lads hiding in Greece from a gangsterHere is an odd film about a couple of dodgy lads who get on the wrong side of a bona fide gangster and have to hide out in Greece.  It’s not thoughtless per se; rather, it lacks the resources to bring its vision successfully to screen.",Entertainment,The Guardian,112,gangster life review funni part alway deliber despit interest visual even toni cook jonni weldon lift poorli produc tale pair dodgi lad hide greec gangsterher odd film coupl dodgi lad get wrong side bona fide gangster hide greec thoughtless per rather lack resourc bring vision success screen,2,Business
"State of Statelessness review – Dalai Lama presides over intimate dramas about Tibetans’ life of exile.  Tibetan directors, who all live outside Tibet, deliver a quartet of films that explore the pain of separation and migrationThe wrench of exile is the theme of this quartet of short films from Tibetan directors, who themselves all live outside Tibet.  Their intimate, emotional family dramas tell stories of separation and migration.",Entertainment,The Guardian,113,state stateless review dalai lama presid intim drama tibetan life exil tibetan director live outsid tibet deliv quartet film explor pain separ migrationth wrench exil theme quartet short film tibetan director live outsid tibet intim emot famili drama tell stori separ migrat,1,Entertainment
"Guián review – celebration of multicultural identity through a Chinese grandmother in Costa Rica.  Director Nicole Chi Amén embarks on a journey to learn more about her own mixed cultural heritage after the death of her Guangdong-born grandmaNicole Chi Amén, a Costa Rican woman of Chinese descent, has always been on the outside looking in.  The opening scene of her moving debut feature replicates this predicament visually: her face pressed against a metal barricade, she looks through a hole in the opaque facade with interest.",Entertainment,The Guardian,114,guin review celebr multicultur ident chines grandmoth costa rica director nicol chi amn embark journey learn mix cultur heritag death guangdongborn grandmanicol chi amn costa rican woman chines descent alway outsid look open scene move debut featur replic predica visual face press metal barricad look hole opaqu facad interest,2,Business
"Escape review – notorious Japanese revolutionary tells story of country’s most wanted criminal.  Director Masao Adachi – formerly of the Japanese Red Army – on the infamous Satoshi Kirishima, who went on the run in 1975 after a series of corporate bombingsMasao Adachi is an 86-year-old Japanese film-maker and former revolutionary activist who spent almost 30 years in Lebanese exile due to his former membership of terrorist group the Japanese Red Army in the 1970s; arrested on his return to Japan, after his release from prison he returned to cinema – and has now made this intriguing chamber piece called Tôsô, or Escape, an intensely, sometimes even passionately acted piece of work, imagining the inner life of a man who was once Japan’s most wanted fugitive. It is about the now infamous Satoshi Kirishima who, after his involvement in terrorist attacks on corporate buildings, went on the run from the police in 1975 and for decades lived as a cash-in-hand construction worker under a false name, hiding under the radar but in plain sight.",Entertainment,The Guardian,115,escap review notori japanes revolutionari tell stori countri want crimin director masao adachi formerli japanes red armi infam satoshi kirishima went run series corporate bombingsmasao adachi yearold japanes filmmak former revolutionari activist spent almost year lebanes exil due former membership terrorist group japanes red armi arrest return japan releas prison return cinema made intrigu chamber piec call escap intens sometim even passion act piec work imagin inner life man japan want fugit infam satoshi kirishima involv terrorist attack corporate build went run polic decad live cashinhand construct worker fals name hide radar plain sight,1,Entertainment
"Hamnet review – Paul Mescal and Jessie Buckley beguile and captivate in audacious Shakespearean tragedy.  Chloé Zhao’s film version of Maggie O’Farrell’s myth-making novel powerfully reimagines the agonising loss of a child as the source of Hamlet’s grand stage drama‘The joys of parents are secret, and so are their griefs and fears …” This is Francis Bacon’s essay Of Parents and Children; maybe they were more secret in his day than ours.  This kind of secrecy and revelation is part of Chloé Zhao’s deeply felt romantic fantasy about the origin of William Shakespeare’s tragedy Hamlet.",Entertainment,The Guardian,116,hamnet review paul mescal jessi buckley beguil captiv audaci shakespearean tragedi chlo zhao film version maggi ofarrel mythmak novel power reimagin agonis loss child sourc hamlet grand stage dramath joy parent secret grief fear franci bacon essay parent children mayb secret day kind secreci revel part chlo zhao deepli felt romant fantasi origin william shakespear tragedi hamlet,1,Entertainment
"Netflix ‘plans to switch to all-cash offer to seal $83bn Warner Bros deal’.  Aim is to speed up acquisition of WBD studio and streaming businesses and hold off rival Paramount bidNetflix is reportedly preparing to switch to an all-cash offer to seal its takeover of the studios and streaming businesses of Warner Bros Discovery (WBD), as it tries to speed up the deal and fend off a rival hostile bid from Paramount Skydance. The changes to Netflix’s $83bn (£62bn) offer, first reported by Bloomberg, are designed to accelerate the acquisition, which is expected to take months to conclude, and make it more palatable for WBD shareholders.",Entertainment,The Guardian,117,netflix plan switch allcash offer seal warner bro deal aim speed acquisit wbd studio stream busi hold rival paramount bidnetflix reportedli prepar switch allcash offer seal takeov studio stream busi warner bro discoveri wbd tri speed deal fend rival hostil bid paramount skydanc chang netflix offer first report bloomberg design acceler acquisit expect take month conclud make palat wbd sharehold,2,Business
Zoe Saldaña becomes highest-grossing actor of all time.  Star overtook Scarlett Johansson after success of third Avatar – her films have now made more than $15. 46bn worldwideZoe Saldaña has become the highest-grossing actor of all time.,Entertainment,The Guardian,118,zoe saldaa becom highestgross actor time star overtook scarlett johansson success third avatar film made worldwidezo saldaa becom highestgross actor time,1,Entertainment
"‘We are living in an age of cruelty’: George Clooney rebukes Tarantino for insulting Paul Dano.  The Jay Kelly star says he would be honoured to work with Dano, Owen Wilson and Matthew Lillard after all three actors were criticised by the director George Clooney has said he would be “honoured” to work with three actors who were heavily criticised by Quentin Tarantino last month.  Speaking at AARP’s Movies for Grownups awards on 10 January, Clooney said: “By the way, Paul Dano and Owen Wilson and Matthew Lillard, I would be honoured to work with those actors.",Entertainment,The Guardian,119,live age cruelti georg clooney rebuk tarantino insult paul dano jay kelli star say would honour work dano owen wilson matthew lillard three actor criticis director georg clooney said would honour work three actor heavili criticis quentin tarantino last month speak aarp movi grownup award januari clooney said way paul dano owen wilson matthew lillard would honour work actor,1,Entertainment
"Chalamet a smash, Sinners shut out: the key Golden Globes snubs and surprises.  Paul Thomas Anderson’s One Battle After Another looks unstoppable ahead of the Oscars, despite Timothée Chalamet’s triumph over Leonardo DiCaprio for best actorThe biggest backlash brewing concerns Ryan Coogler’s Sinners, lauded by critics and embraced – especially in the US – by audiences as one of 2025’s key cultural landmarks.  The thriller did win two Globes – for cinematic and box office achievement and original score – but both wound up not really counting.",Entertainment,The Guardian,120,chalamet smash sinner shut key golden globe snub surpris paul thoma anderson one battl anoth look unstopp ahead oscar despit timoth chalamet triumph leonardo dicaprio best actorth biggest backlash brew concern ryan coogler sinner laud critic embrac especi audienc one key cultur landmark thriller win two globe cinemat box offic achiev origin score wound realli count,1,Entertainment
"‘Soon I will die.  And I will go with a great orgasm’: the last rites of Alejandro Jodorowsky.  The Chilean film-maker’s psychedelic work earned him the title ‘king of the midnight movie’, and a fan in John Lennon.",Entertainment,The Guardian,121,soon die great orgasm last rite alejandro jodorowski chilean filmmak psychedel work earn titl king midnight movie fan john lennon,2,Business
"‘It’s more productive than doomscrolling’: film-maker Ben Wheatley on his secret life as musician Dave Welder.  While playing with nine-figure Hollywood budgets, the Kill List and Meg 2 director has become a prolific music producer.  Next up is his experimental film, BulkDave Welder may just be the most prolific musician you’ve never heard of.",Entertainment,The Guardian,122,product doomscrol filmmak ben wheatley secret life musician dave welder play ninefigur hollywood budget kill list meg director becom prolif music produc next experiment film bulkdav welder may prolif musician youv never heard,1,Entertainment
"‘I haven’t mellowed my violence’: Park Chan-wook on cultural dominance, the capitalist endgame and why we can’t beat AI.  His brutal movies put Korean cinema on the map.  Now the director of Oldboy is back with a blistering satire about a man driven to murder after redundancyThe Korean wave is being feted around the world right now but Park Chan-wook is not feeling too celebratory.",Entertainment,The Guardian,123,havent mellow violenc park chanwook cultur domin capitalist endgam cant beat brutal movi put korean cinema map director oldboy back blister satir man driven murder redundancyth korean wave fete around world right park chanwook feel celebratori,1,Entertainment
"‘It was overwhelming’: Katie Leung on Harry Potter, sudden fame, insecurity – and starring in Bridgerton.  As a teenager, the actor landed her first ever job in the blockbuster film series.  The experience was fun – but also led to horrendous online abuse.",Entertainment,The Guardian,124,overwhelm kati leung harri potter sudden fame insecur star bridgerton teenag actor land first ever job blockbust film series experi fun also led horrend onlin abus,1,Entertainment
"From Ralph Fiennes to Jeffrey Wright: the most overlooked performances this awards season.  Jessie Buckley and Timothée Chalamet might be winning all of the awards but as Oscar voting begins, these actors also deserve inclusionEvery January, if not earlier, awards narratives leading up to the Oscars take shape.  While the specifics of the Academy Award nominations are never known in advance, and can always be counted on for some surprises when they’re actually unveiled, critics and pundits and fans all enter into that final stretch with a pretty good idea of who won’t be nominated.",Entertainment,The Guardian,125,ralph fienn jeffrey wright overlook perform award season jessi buckley timoth chalamet might win award oscar vote begin actor also deserv inclusioneveri januari earlier award narr lead oscar take shape specif academi award nomin never known advanc alway count surpris theyr actual unveil critic pundit fan enter final stretch pretti good idea wont nomin,1,Entertainment
"‘Uncomfortably relatable’: writers on their favourite unlikable movie characters.  With debate still swirling over the unlikable nature of Marty Supreme’s careless protagonist, Guardian writers have picked their all-time love-to-hate leadsSpoilers aheadI can remember seeing As Good As It Gets in the theater as a teenager and being pleasantly startled by the sight of Jack Nicholson’s Melvin Udall, romcom super-grouch.  Here’s a bestselling romance author who disdains love, an OCD sufferer who weaponizes his affliction, a New Yorker who hates crowds (who can’t relate?).",Entertainment,The Guardian,126,uncomfort relat writer favourit unlik movie charact debat still swirl unlik natur marti suprem careless protagonist guardian writer pick alltim lovetoh leadsspoil aheadi rememb see good get theater teenag pleasantli startl sight jack nicholson melvin udal romcom supergrouch here bestsel romanc author disdain love ocd suffer weapon afflict new yorker hate crowd cant relat,1,Entertainment
"Matt Damon’s best films – ranked!.  Ahead of his reunion with Ben Affleck in thriller The Rip – as well as his starring role in Christopher Nolan’s upcoming Imax epic The Odyssey – we run through the best work of one of Hollywood’s most reliable heroesMatt Damon is essentially a bland dish that requires the right spice truly to zing, which means he is often at his best when playing beastly.  His flagrantly nasty turn as one of the antisemitic bullies who makes prep school life hell for a secretly Jewish classmate (Brendan Fraser) offers an early indication that Damon realised this, too.",Entertainment,The Guardian,127,matt damon best film rank ahead reunion ben affleck thriller rip well star role christoph nolan upcom imax epic odyssey run best work one hollywood reliabl heroesmatt damon essenti bland dish requir right spice truli zing mean often best play beastli flagrantli nasti turn one antisemit bulli make prep school life hell secretli jewish classmat brendan fraser offer earli indic damon realis,1,Entertainment
"The Golden Globes ceremony ignored politics.  But their big winner taps today’s unhappy turbulence | Peter Bradshaw.  One Battle After Another engages with the tense climate of the second Trump administration unlike any other contenderNow that the political scene in the contemporary United States looks like an unending string of military PR coups for the Trumpian right at home and abroad, it’s appropriate that Paul Thomas Anderson’s spectacular, mysterious counterculture epic One Battle After Another – with Leonardo DiCaprio as a clueless, dishevelled ex-revolutionary – should consolidate its current position as one of the leading movies of this awards season: winning four Globes including best musical or comedy and best director for Paul Thomas Anderson – whose fluency, productivity and pure technique and ambition are arguably making him America’s pre-eminent film-maker.",Entertainment,The Guardian,128,golden globe ceremoni ignor polit big winner tap today unhappi turbul peter bradshaw one battl anoth engag tens climat second trump administr unlik contendernow polit scene contemporari unit state look like unend string militari coup trumpian right home abroad appropri paul thoma anderson spectacular mysteri countercultur epic one battl anoth leonardo dicaprio clueless dishevel exrevolutionari consolid current posit one lead movi award season win four globe includ best music comedy best director paul thoma anderson whose fluenci product pure techniqu ambit arguabl make america preemin filmmak,1,Entertainment
"With Venezuela, Trump has achieved his dream of making his own 80s action movie.  Given his rise during the ego joyride of the 1980s, it’s no shock that Trump’s foreign policy is to emulate that decade’s belligerent cinemaThe box office barnstormer of 2026 arrived early this year.  A sleazy banana-republic dictator flooding the American streets with blow.",Entertainment,The Guardian,129,venezuela trump achiev dream make action movie given rise ego joyrid shock trump foreign polici emul decad belliger cinemath box offic barnstorm arriv earli year sleazi bananarepubl dictat flood american street blow,2,Business
"What’s to like? Why you can hate Timothée Chalamet’s character and still love Marty Supreme.  Chalamet’s nogoodnik ping-pong hustler character is the latest in cinema’s rich history of protagonists with shabby morals.  So why the backlash?In the new hit movie Marty Supreme, the story is pushed forward by how lead character Marty Mauser keeps making messes then, rather than cleaning them up, manages to expand their scope beyond reason.",Entertainment,The Guardian,130,what like hate timoth chalamet charact still love marti suprem chalamet nogoodnik pingpong hustler charact latest cinema rich histori protagonist shabbi moral backlashin new hit movie marti suprem stori push forward lead charact marti mauser keep make mess rather clean manag expand scope beyond reason,1,Entertainment
"Putin as a Russian James Bond? Jude Law’s Vladimir film seems to have swallowed Kremlin myths | Natasha Kiseleva.  In The Wizard of the Kremlin, Jude Law plays Russia’s president as a cool, reluctant leader, a strategist who got the job because he was young, athletic and a spy.  This is a creation far removed from the man himselfLast year, speaking at the Venice film festival premiere of The Wizard of the Kremlin, based on a book about the rise of Vladimir Putin, actor Jude Law said he “didn’t fear any repercussions” over his portrayal of the Russian president.",Entertainment,The Guardian,131,putin russian jame bond jude law vladimir film seem swallow kremlin myth natasha kiseleva wizard kremlin jude law play russia presid cool reluct leader strategist got job young athlet spi creation far remov man himselflast year speak venic film festival premier wizard kremlin base book rise vladimir putin actor jude law said didnt fear repercuss portray russian presid,1,Entertainment
"‘Even thinking about Coldplay I get tearful’: Denise Lewis’s honest playlist.  The former heptathlete throws shapes to Cameo and got gold-medal inspiration from Whitney, but which rapper helps get her out of bed?The first song I fell in love with I was at nursery school when Bohemian Rhapsody by Queen was the song of the moment.  I remember seeing the video on Top of the Pops, which is chilling at first, but epic when it gets to the big guitar break.",Entertainment,The Guardian,132,even think coldplay get tear denis lewiss honest playlist former heptathlet throw shape cameo got goldmed inspir whitney rapper help get bedth first song fell love nurseri school bohemian rhapsodi queen song moment rememb see video top pop chill first epic get big guitar break,1,Entertainment
"Add to playlist: the dark fog of Los Angeles saxophonist Aaron Shaw and the week’s best new tracks.  The woodwind player who taught André 3000 music theory releases his searching debut album next monthFrom Los AngelesRecommend if you like Miguel Atwood Ferguson, Shabaka Hutchings’s flute music, the ColtranesUp next Debut album And So It Is released 13 FebruaryFor woodwind players, breath is everything: the lifeforce of artistry, the thing that furnishes sound with personality.  But a few years ago, the Los Angeles saxophonist Aaron Shaw realised he was becoming increasingly breathless.",Entertainment,The Guardian,133,add playlist dark fog lo angel saxophonist aaron shaw week best new track woodwind player taught andr music theori releas search debut album next monthfrom lo angelesrecommend like miguel atwood ferguson shabaka hutchingss flute music coltranesup next debut album releas februaryfor woodwind player breath everyth lifeforc artistri thing furnish sound person year ago lo angel saxophonist aaron shaw realis becom increasingli breathless,1,Entertainment
"A$AP Rocky: Don’t Be Dumb review – a charismatic, playful return, but it’s no slam dunk.  (A$AP Rocky Recordings)Now a father of three and burgeoning actor, Rocky finally comes back to music with his strongest album since his 2013 debut – though there’s plenty of flabIt has been eight years since A$AP Rocky, once and future king of New York rap, released an album.  In the world of hip-hop, where even A-list stars such as Rocky’s friend and collaborator Tyler, the Creator are prone to releasing multiple albums a year, this is a lifetime.",Entertainment,The Guardian,134,aap rocki dont dumb review charismat play return slam dunk aap rocki recordingsnow father three burgeon actor rocki final come back music strongest album sinc debut though there plenti flabit eight year sinc aap rocki futur king new york rap releas album world hiphop even alist star rocki friend collabor tyler creator prone releas multipl album year lifetim,1,Entertainment
"‘We wouldn’t still be playing if we’d got stinking rich’: the Damned celebrate 50 years of punk, goth and holy grail hunting.  An appetite for self-destruction left Dave Vanian, Captain Sensible and Rat Scabies hugely influential but financially insecure.  They’re back with a big show and their first album together since 1995‘There isn’t one songwriter, and so the flavour of the band is always going to change,” says Dave Vanian, reflecting on 50 years of the group of which he has been the sole constant member, the Damned.",Entertainment,The Guardian,135,wouldnt still play wed got stink rich damn celebr year punk goth holi grail hunt appetit selfdestruct left dave vanian captain sensibl rat scabi huge influenti financi insecur theyr back big show first album togeth sinc isnt one songwrit flavour band alway go chang say dave vanian reflect year group sole constant member damn,1,Entertainment
"Robbie Williams: Britpop review | Alexis Petridis's album of the week.  (Columbia)Framed as the music Williams wanted to make post-Take That, Britpop surpasses pastiche and swerves unpredictably.  Homoerotic paean to Morrissey, anyone?The arrival of Robbie Williams’s 13th album has been a complicated business.",Entertainment,The Guardian,136,robbi william britpop review alexi petridiss album week columbiafram music william want make posttak britpop surpass pastich swerv unpredict homoerot paean morrissey anyoneth arriv robbi williamss album complic business,1,Entertainment
"Julianna Barwick and Mary Lattimore: Tragic Magic review | Safi Bugel's experimental album of the month.  (InFiné)The composers’ first collaborative album ebbs from epic, cinematic heights to delicate and dreamy lullabiesAfter years of touring together, Los Angeles-based composers Julianna Barwick and Mary Lattimore have developed what the former refers to as a “musical telepathy”.  Tragic Magic, the pair’s first collaborative album, evidences this bond: born out of a short series of improv sessions in Paris, it’s a wonderfully immersive set of new age and ambient tracks, where Barwick’s airy, reverbed vocals and atmospheric synth washes interweave with, and accentuate, Lattimore’s twinkling harp.",Entertainment,The Guardian,137,julianna barwick mari lattimor tragic magic review safi bugel experiment album month infinth compos first collabor album ebb epic cinemat height delic dreami lullabiesaft year tour togeth lo angelesbas compos julianna barwick mari lattimor develop former refer music telepathi tragic magic pair first collabor album evid bond born short series improv session pari wonder immers set new age ambient track barwick airi reverb vocal atmospher synth wash interweav accentu lattimor twinkl harp,1,Entertainment
"BTS named their new album Arirang.  What is so striking about their choice?.  The title is loaded with meaning for all Koreans, and will give fans globally an insight into the folksong culture that shaped the world’s biggest K-pop groupBTS announced their long-awaited comeback and world tour this week, with their first full-length album in nearly four years set for release on 20 March.",Entertainment,The Guardian,138,bt name new album arirang strike choic titl load mean korean give fan global insight folksong cultur shape world biggest kpop groupbt announc longawait comeback world tour week first fulllength album nearli four year set releas march,2,Business
"The best songs of 2025 … you may not have heard.  From a folk murder ballad to an impassioned call for peace, Guardian writers pick their favourite lesser-heard tracks of the yearThe pick of 2025’s film, music, art, TV, stage and games, chosen by Guardian critics and writersThere is a sense of deep knowing and calm to Not Offended, the lone song released this year by the Danish-Montenegrin musician (also an earlier graduate of the Copenhagen music school currently producing every interesting alternative pop star).  To warmly droning organ that hangs like the last streak of sunlight above a darkening horizon, Milovic assures someone that they haven’t offended her – but her steady Teutonic tenderness, reminiscent of Molly Nilsson or Sophia Kennedy, suggests that their actions weren’t provocative so much as evasive.",Entertainment,The Guardian,139,best song may heard folk murder ballad impass call peac guardian writer pick favourit lesserheard track yearth pick film music art stage game chosen guardian critic writersther sens deep know calm offend lone song releas year danishmontenegrin musician also earlier graduat copenhagen music school current produc everi interest altern pop star warmli drone organ hang like last streak sunlight darken horizon milov assur someon havent offend steadi teuton tender reminisc molli nilsson sophia kennedi suggest action werent provoc much evas,1,Entertainment
"Soul-baring ballads, alt-rock fury and neon-lit techno: five-star albums you may have missed this year.  Valentina Magaletti drummed for her life, Sarz got hips swinging and Daniel Avery got slinky and serpentine: our writers pick their favourite unsung LPs from 2025• The 50 best albums of 2025• More on the best culture of 2025Towards the end of Tether, there is a song called Silk and Velvet; its sound is characteristic of Annahstasia’s debut album.  Fingerpicked acoustic guitar and her extraordinary vocals – husky, expressive, elegant – are front and centre.",Entertainment,The Guardian,140,soulbar ballad altrock furi neonlit techno fivestar album may miss year valentina magaletti drum life sarz got hip swing daniel averi got slinki serpentin writer pick favourit unsung lp best album best cultur toward end tether song call silk velvet sound characterist annahstasia debut album fingerpick acoust guitar extraordinari vocal huski express eleg front centr,1,Entertainment
"The 10 best jazz albums of 2025.  Jakob Bro’s Bill Frisell collaboration finally saw the light, Cécile McLorin Salvant drew on her teenage pop memories and Anthony Braxton looked back to 1985• The 50 best albums of 2025• More on the best culture of 2025UK saxophonist, composer and bandleader Tom Smith was dropping clues to his distinctively contemporary take on jazz traditions as a BBC Young Jazz Musician of the Year finalist in 2014 and 2016, and later as a leader of groups including the sax trio Gecko and the LGBTQI+ ensemble Queertet.  But his powerful big band’s 2025 release, A Year in the Life, unveiled how exultantly Smith’s writing mingles orchestral influences from Maria Schneider and Carla Bley with slamming groovers from the big-band swing era, and a deep grasp of bebop chordal acrobatics, with raw and metallic guitar interventions thrown in.",Entertainment,The Guardian,141,best jazz album jakob bro bill frisel collabor final saw light ccile mclorin salvant drew teenag pop memori anthoni braxton look back best album best cultur saxophonist compos bandlead tom smith drop clue distinct contemporari take jazz tradit bbc young jazz musician year finalist later leader group includ sax trio gecko lgbtqi ensembl queertet power big band releas year life unveil exultantli smith write mingl orchestr influenc maria schneider carla bley slam groover bigband swing era deep grasp bebop chordal acrobat raw metal guitar intervent thrown,1,Entertainment
"The best old music we discovered this year.  Strange folk, lost pop, disco oddities and, um, Dido – here are the forgotten tracks that became this year’s most replayed revelations• The 50 best albums of 2025• More on the best culture of 2025I grew up listening to the Mamas and the Papas’ hits but had never heard their albums before this year.  I had no idea anything as creepy as Mansions lurked within their sunny oeuvre.",Entertainment,The Guardian,142,best old music discov year strang folk lost pop disco odditi dido forgotten track becam year replay revel best album best cultur grew listen mama papa hit never heard album year idea anyth creepi mansion lurk within sunni oeuvr,1,Entertainment
"‘It’s more productive than doomscrolling’: film-maker Ben Wheatley on his secret life as musician Dave Welder.  While playing with nine-figure Hollywood budgets, the Kill List and Meg 2 director has become a prolific music producer.  Next up is his experimental film, BulkDave Welder may just be the most prolific musician you’ve never heard of.",Entertainment,The Guardian,143,product doomscrol filmmak ben wheatley secret life musician dave welder play ninefigur hollywood budget kill list meg director becom prolif music produc next experiment film bulkdav welder may prolif musician youv never heard,1,Entertainment
"‘There’s serendipity to my story’: Emmylou Harris on Gram Parsons, her garlanded career – and her dog rescue centre.  Ahead of her final European tour, the US songwriter discusses her unlikely life as a country star, seeking advice from Pete Seeger – and why retirement isn’t on the cards just yetWhen Emmylou Harris was starting out in the late 1960s, she thought country music wasn’t for her.  “I hadn’t seen the light,” she says.",Entertainment,The Guardian,144,there serendip stori emmyl harri gram parson garland career dog rescu centr ahead final european tour songwrit discuss unlik life countri star seek advic pete seeger retir isnt card yetwhen emmyl harri start late thought countri music wasnt hadnt seen light say,1,Entertainment
"Singer-songwriter Bill Callahan: ‘I’m not a craftsman – I’m more of a drunk professor who likes coincidence and mistakes’.  Preceding the release of My Days of 58, the Americana legend once known as Smog discusses his Yorkshire youth, why Spotify is like the mafia and the bleak state of AIWe got married to [Smog’s] Our Anniversary.  When you write songs, do you think about how listeners might carry them into their own lives, or do the songs stop being yours after they are done? VanearleWhen I wrote [2019’s] Watch Me Get Married, I thought maybe people would have that as their wedding song.",Entertainment,The Guardian,145,singersongwrit bill callahan craftsman drunk professor like coincid mistak preced releas day americana legend known smog discuss yorkshir youth spotifi like mafia bleak state aiw got marri smog anniversari write song think listen might carri live song stop done vanearlewhen wrote watch get marri thought mayb peopl would wed song,2,Business
"The Cribs: Selling a Vibe review | Alexis Petridis’s album of the week.  (PIAS)The Jarman brothers’ ninth album adds a little 80s pop sheen to their distorted guitars and confident songwriting, while always sounding exactly like the indie stalwartsLast summer, the BBC broadcast an eight-part podcast called The Rise and Fall of Indie Sleaze.  Its third episode heavily featured the Cribs’ bassist and vocalist Gary Jarman talking about his band’s first flush of mid-00s fame.",Entertainment,The Guardian,146,crib sell vibe review alexi petridiss album week piasth jarman brother ninth album add littl pop sheen distort guitar confid songwrit alway sound exactli like indi stalwartslast summer bbc broadcast eightpart podcast call rise fall indi sleaz third episod heavili featur crib bassist vocalist gari jarman talk band first flush mid fame,1,Entertainment
"Toni Geitani: Wahj review | Ammar Kalia's global album of the month.  (Self-released)The Beirut-born producer’s masterly second album revels in dark tension to cinematic effect, finding beauty in ruinous soundArabic electronic experimentalism is thriving.  In recent years, diaspora artists such as Egyptian producer Abdullah Miniawy, singer Nadah El Shazly and Lebanese singer-songwriter Mayssa Jallad have each released records that combine the Arabic musical tradition of maqam and its slippery melodies with granular electronic sound design, rumbling bass and metallic drum programming to create a dramatic new proposition.",Entertainment,The Guardian,147,toni geitani wahj review ammar kalia global album month selfreleasedth beirutborn produc masterli second album revel dark tension cinemat effect find beauti ruinou soundarab electron experiment thrive recent year diaspora artist egyptian produc abdullah miniawi singer nadah shazli lebanes singersongwrit mayssa jallad releas record combin arab music tradit maqam slipperi melodi granular electron sound design rumbl bass metal drum program creat dramat new proposit,1,Entertainment
"Jenny on Holiday: Quicksand Heart review – Let’s Eat Grandma innovator’s knowing new-wave reinvention.  (Transgressive)In Jenny Hollingworth’s first solo venture, her singular songwriting powers shine in swooping vocals and transcendent pop melodiesOver the past decade, 27-year-old Jenny Hollingworth’s musical output has become steadily less strange.  As half of Let’s Eat Grandma, the Norwich native started out making freaky synth-folk the arch syrupiness of which chimed with the then-nascent hyperpop scene: I, Gemini, the duo’s 2016 debut, was outsiderish juvenilia of the most thrilling variety.",Entertainment,The Guardian,148,jenni holiday quicksand heart review let eat grandma innov know newwav reinvent transgressivein jenni hollingworth first solo ventur singular songwrit power shine swoop vocal transcend pop melodiesov past decad yearold jenni hollingworth music output becom steadili less strang half let eat grandma norwich nativ start make freaki synthfolk arch syrupi chime thennasc hyperpop scene gemini duo debut outsiderish juvenilia thrill varieti,1,Entertainment
"Dry Cleaning: Secret Love review | Alexis Petridis's album of the week.  (4AD)The standout act in the sprechgesang wave, the four-piece’s newly expansive sound carries singer Florence Shaw’s distinctive tales of mundane lives spiralling out of controlDry Cleaning’s third album features a lot of strikingly odd lyrics.  Take your pick from “alien offshoot mushroom, going the gym to get slim”; “my dream house is a negative space of rock”; or, indeed, “when I was a child I wanted to be a horse, eating onions, carrots, celery”.",Entertainment,The Guardian,149,dri clean secret love review alexi petridiss album week adth standout act sprechgesang wave fourpiec newli expans sound carri singer florenc shaw distinct tale mundan live spiral controldri clean third album featur lot strikingli odd lyric take pick alien offshoot mushroom go gym get slim dream hous neg space rock inde child want hors eat onion carrot celeri,2,Business
